"","tractfips","cnt"
"1","01003011101",1
"2","01015000800",1
"3","01015001800",1
"4","01043964900",1
"5","01055001200",1
"6","01069040800",1
"7","01073002400",2
"8","01073004500",1
"9","01073012701",1
"10","01089001301",1
"11","01089001401",1
"12","01089002100",1
"13","01089003000",2
"14","01089003100",1
"15","01101000100",1
"16","01113030200",1
"17","01125011600",1
"18","01125012000",1
"19","02020000600",1
"20","02020001100",2
"21","02020001400",1
"22","02020001900",1
"23","02020002502",1
"24","02020002601",1
"25","02068000100",1
"26","02090000500",1
"27","02090001900",1
"28","02100000100",1
"29","02110000400",1
"30","02122000200",1
"31","02122000500",2
"32","02122001000",1
"33","02122001300",1
"34","02150000400",1
"35","02170000102",1
"36","02170000800",1
"37","02170001201",1
"38","02220000100",1
"39","02230000100",1
"40","04003001000",1
"41","04005000300",1
"42","04005000800",4
"43","04005001200",1
"44","04005001600",1
"45","04005001700",1
"46","04007000100",1
"47","04013061010",1
"48","04013071509",1
"49","04013092708",1
"50","04013092720",1
"51","04013105300",1
"52","04013107500",1
"53","04013111100",1
"54","04013113801",1
"55","04013116800",1
"56","04013216813",1
"57","04013216829",1
"58","04013216844",1
"59","04013218100",1
"60","04013318400",1
"61","04013318700",1
"62","04013319000",1
"63","04013319103",1
"64","04013319705",1
"65","04013320001",1
"66","04013421400",1
"67","04013422217",1
"68","04013422639",1
"69","04013522901",1
"70","04013523104",1
"71","04013615200",2
"72","04013615900",1
"73","04013811100",1
"74","04013814600",1
"75","04015952600",1
"76","04015953200",2
"77","04019000100",1
"78","04019000400",1
"79","04019000500",1
"80","04019000800",1
"81","04019001200",1
"82","04019002100",2
"83","04019003303",1
"84","04019004067",1
"85","04019004510",2
"86","04019004626",1
"87","04025000900",2
"88","04025001802",1
"89","05119001200",1
"90","05119004400",2
"91","05119004500",1
"92","05143010102",1
"93","05143010106",1
"94","05143010200",1
"95","05143010701",1
"96","05143011101",1
"97","05143011300",2
"98","06001403100",1
"99","06001406000",1
"100","06001422000",4
"101","06001422400",1
"102","06001422900",1
"103","06001428700",1
"104","06001432400",1
"105","06001435400",1
"106","06001441503",1
"107","06001441923",1
"108","06001444601",1
"109","06001450604",1
"110","06001450607",1
"111","06001450746",1
"112","06001451501",1
"113","06001982000",1
"114","06007001300",1
"115","06007001704",1
"116","06007002800",1
"117","06007003300",1
"118","06009000501",1
"119","06013303203",1
"120","06013309000",2
"121","06013315000",1
"122","06013327000",1
"123","06013328000",1
"124","06013337200",1
"125","06013339002",1
"126","06013345108",1
"127","06013345111",1
"128","06013345202",1
"129","06013355108",1
"130","06013389100",1
"131","06017030200",1
"132","06017030701",1
"133","06017030901",1
"134","06017031000",1
"135","06017031301",1
"136","06017031502",1
"137","06017031600",1
"138","06019000300",1
"139","06019000600",1
"140","06019002200",1
"141","06019005302",1
"142","06019005516",1
"143","06019005701",1
"144","06023000100",1
"145","06023001000",1
"146","06023010300",1
"147","06023010502",1
"148","06023010800",1
"149","06029002806",1
"150","06029003123",1
"151","06029003808",1
"152","06029005201",1
"153","06029005501",1
"154","06033001000",1
"155","06033001300",1
"156","06035040304",1
"157","06037134905",1
"158","06037135111",1
"159","06037186401",1
"160","06037188100",1
"161","06037206031",1
"162","06037206200",1
"163","06037207502",1
"164","06037207710",1
"165","06037227010",1
"166","06037265202",1
"167","06037267901",1
"168","06037275603",1
"169","06037296220",1
"170","06037301802",1
"171","06037310702",2
"172","06037320000",1
"173","06037401311",1
"174","06037401500",1
"175","06037401800",1
"176","06037403303",1
"177","06037403801",1
"178","06037404301",1
"179","06037406200",1
"180","06037408211",1
"181","06037430801",1
"182","06037431100",1
"183","06037433700",1
"184","06037461600",1
"185","06037463602",2
"186","06037463700",1
"187","06037530003",1
"188","06037551000",1
"189","06037554521",1
"190","06037571400",1
"191","06037576001",1
"192","06037576200",2
"193","06037577200",1
"194","06037577300",1
"195","06037620102",1
"196","06037621004",1
"197","06037621326",1
"198","06037650401",1
"199","06037650901",4
"200","06037651101",1
"201","06037800326",3
"202","06037800329",1
"203","06037900704",1
"204","06037900806",1
"205","06037910208",1
"206","06037920035",1
"207","06037920110",1
"208","06037920329",1
"209","06039000103",1
"210","06041101200",2
"211","06041104300",1
"212","06041108200",1
"213","06041111000",2
"214","06041114100",1
"215","06041121200",1
"216","06041127000",1
"217","06043000101",3
"218","06045010400",1
"219","06045011200",1
"220","06045011600",3
"221","06051000200",1
"222","06053001300",1
"223","06053012502",1
"224","06053012700",1
"225","06053014201",1
"226","06055200503",1
"227","06055201005",2
"228","06055202000",1
"229","06057000802",1
"230","06057001203",1
"231","06057001206",1
"232","06059001504",2
"233","06059011200",1
"234","06059011300",1
"235","06059011722",1
"236","06059021802",1
"237","06059021825",1
"238","06059032023",1
"239","06059032028",1
"240","06059032053",1
"241","06059032054",1
"242","06059042108",1
"243","06059052525",1
"244","06059052526",1
"245","06059062605",2
"246","06059062637",1
"247","06059062647",1
"248","06059062800",1
"249","06059063500",1
"250","06059063907",1
"251","06059074403",1
"252","06059075504",1
"253","06059075506",1
"254","06059075515",1
"255","06059075607",1
"256","06059075805",1
"257","06059075902",1
"258","06059076204",2
"259","06059076208",1
"260","06059086303",2
"261","06059087300",1
"262","06059088402",1
"263","06059099217",1
"264","06059099241",1
"265","06059099309",1
"266","06059099311",2
"267","06059099402",1
"268","06059099411",1
"269","06061020401",2
"270","06061021003",2
"271","06061021203",2
"272","06061021304",1
"273","06061021403",1
"274","06061021802",1
"275","06061022200",1
"276","06061022600",1
"277","06063000201",1
"278","06065030300",1
"279","06065030900",2
"280","06065041405",2
"281","06065041500",1
"282","06065041810",1
"283","06065041909",2
"284","06065042209",1
"285","06065042506",1
"286","06065043006",2
"287","06065043216",3
"288","06065044505",1
"289","06065044520",1
"290","06065045103",1
"291","06065045215",1
"292","06065046700",1
"293","06065050600",1
"294","06065051200",8
"295","06067000700",1
"296","06067001200",1
"297","06067001600",1
"298","06067002300",1
"299","06067003600",1
"300","06067005502",1
"301","06067007019",1
"302","06067008404",1
"303","06067008507",1
"304","06067009010",1
"305","06067009611",1
"306","06069000400",1
"307","06071000113",1
"308","06071000504",1
"309","06071001803",1
"310","06071002110",1
"311","06071007104",1
"312","06071007200",1
"313","06071007800",2
"314","06071008401",1
"315","06071008709",1
"316","06071009707",1
"317","06071010017",1
"318","06071011206",1
"319","06073000600",1
"320","06073001200",1
"321","06073001300",2
"322","06073001400",1
"323","06073001800",1
"324","06073004300",1
"325","06073004400",1
"326","06073005100",1
"327","06073005200",1
"328","06073005300",1
"329","06073005400",2
"330","06073005800",1
"331","06073006500",2
"332","06073007502",1
"333","06073007910",2
"334","06073008200",3
"335","06073008329",1
"336","06073008339",1
"337","06073008346",2
"338","06073008349",1
"339","06073008350",6
"340","06073008360",2
"341","06073008361",2
"342","06073008501",1
"343","06073008511",2
"344","06073009106",1
"345","06073009107",1
"346","06073009304",3
"347","06073009509",1
"348","06073009603",2
"349","06073010015",1
"350","06073011100",1
"351","06073012700",1
"352","06073013314",1
"353","06073015000",1
"354","06073015801",1
"355","06073016202",1
"356","06073016607",1
"357","06073016615",1
"358","06073016617",1
"359","06073017022",1
"360","06073017032",1
"361","06073017049",1
"362","06073017056",1
"363","06073017303",1
"364","06073017304",1
"365","06073017502",1
"366","06073017900",1
"367","06073018400",2
"368","06073018603",1
"369","06073018904",1
"370","06073019203",1
"371","06073019403",1
"372","06073019503",3
"373","06073019806",2
"374","06073019904",1
"375","06073019905",2
"376","06073020013",1
"377","06073020015",1
"378","06073020017",5
"379","06073020023",2
"380","06073020027",1
"381","06073020029",1
"382","06073020103",1
"383","06073020214",1
"384","06073020307",2
"385","06073020708",1
"386","06073020805",1
"387","06073020904",2
"388","06073021205",1
"389","06073021400",2
"390","06073022100",2
"391","06075010500",1
"392","06075010700",1
"393","06075011100",1
"394","06075012902",1
"395","06075016600",1
"396","06075017601",1
"397","06075017802",1
"398","06075020600",1
"399","06075020800",1
"400","06075021200",1
"401","06075022704",1
"402","06075022801",1
"403","06075023103",1
"404","06075030202",1
"405","06075040200",1
"406","06075061500",2
"407","06075980300",1
"408","06077001300",1
"409","06077003110",1
"410","06077004204",1
"411","06079010102",1
"412","06079010300",2
"413","06079010404",1
"414","06079010603",1
"415","06079011002",1
"416","06079011101",2
"417","06079011102",1
"418","06079011503",1
"419","06079011704",1
"420","06079012304",1
"421","06079012502",1
"422","06079012702",1
"423","06081602300",1
"424","06081604101",1
"425","06081605500",1
"426","06081607900",1
"427","06081609100",2
"428","06081610400",1
"429","06081611900",1
"430","06081613501",1
"431","06081613800",1
"432","06083000804",1
"433","06083000900",2
"434","06083001206",1
"435","06083001604",1
"436","06083001901",2
"437","06083001903",1
"438","06083002012",2
"439","06083002930",1
"440","06085500800",2
"441","06085500901",1
"442","06085502604",1
"443","06085503122",1
"444","06085506502",1
"445","06085507001",1
"446","06085508101",1
"447","06085508602",1
"448","06085508704",1
"449","06085509600",1
"450","06085511302",1
"451","06085512052",1
"452","06085512308",1
"453","06087100300",1
"454","06087100700",1
"455","06087100800",1
"456","06087101200",1
"457","06087120400",1
"458","06087121800",1
"459","06087122003",1
"460","06089010300",1
"461","06089010805",1
"462","06093000800",1
"463","06093000900",1
"464","06095252316",1
"465","06095252604",1
"466","06095253105",1
"467","06097150100",1
"468","06097150202",1
"469","06097150204",1
"470","06097150607",2
"471","06097150701",1
"472","06097152000",2
"473","06097153401",2
"474","06097153704",1
"475","06097153801",1
"476","06097153808",1
"477","06097153902",1
"478","06097154201",1
"479","06097154202",1
"480","06099000503",1
"481","06099003803",1
"482","06101050202",1
"483","06107001200",1
"484","06111002102",1
"485","06111002400",1
"486","06111002800",1
"487","06111003100",1
"488","06111005600",1
"489","06111007202",1
"490","06111007611",1
"491","06113010102",1
"492","06113010203",2
"493","06113010606",1
"494","06113011001",1
"495","06113011300",1
"496","08001008309",1
"497","08001008533",1
"498","08001008606",1
"499","08001009409",1
"500","08001060000",1
"501","08001060200",1
"502","08003960200",1
"503","08005004952",1
"504","08005005700",1
"505","08005006501",2
"506","08005006709",1
"507","08005006712",1
"508","08005081000",1
"509","08005083800",1
"510","08005086300",1
"511","08005086800",1
"512","08007974200",1
"513","08007974300",1
"514","08011966700",1
"515","08013012105",1
"516","08013012202",1
"517","08013012203",6
"518","08013012204",5
"519","08013012509",2
"520","08013012603",1
"521","08013012705",2
"522","08013012707",2
"523","08013012708",1
"524","08013012905",1
"525","08013013005",1
"526","08013013006",1
"527","08013013205",2
"528","08013013210",1
"529","08013013212",1
"530","08013013302",1
"531","08013013401",1
"532","08013013601",1
"533","08013013702",2
"534","08013060800",1
"535","08013060900",1
"536","08014030200",1
"537","08014031100",2
"538","08015000100",2
"539","08015000300",1
"540","08015000401",1
"541","08019014800",1
"542","08029964600",1
"543","08031000202",1
"544","08031000301",1
"545","08031000501",1
"546","08031001000",1
"547","08031001101",1
"548","08031001102",2
"549","08031001600",6
"550","08031001701",2
"551","08031001702",2
"552","08031001800",1
"553","08031001901",1
"554","08031002000",1
"555","08031002100",2
"556","08031003102",1
"557","08031003402",1
"558","08031004102",1
"559","08031004106",1
"560","08035013904",1
"561","08035013911",1
"562","08035014114",1
"563","08035014123",1
"564","08035014131",2
"565","08037000401",1
"566","08037000402",1
"567","08037000403",1
"568","08041000203",1
"569","08041000302",2
"570","08041002102",1
"571","08041002300",2
"572","08041002400",1
"573","08041003000",1
"574","08041003708",1
"575","08041003709",1
"576","08041005000",2
"577","08041005108",1
"578","08041007201",1
"579","08041007400",1
"580","08043978600",1
"581","08045951702",1
"582","08045951803",1
"583","08047013800",1
"584","08049000202",2
"585","08051963700",1
"586","08051963800",1
"587","08059009827",1
"588","08059009831",1
"589","08059009843",2
"590","08059010000",2
"591","08059010305",1
"592","08059010405",1
"593","08059010406",1
"594","08059010502",1
"595","08059010603",1
"596","08059011701",1
"597","08059011711",1
"598","08059060400",1
"599","08067970900",1
"600","08067971100",4
"601","08069000100",3
"602","08069000504",1
"603","08069000901",1
"604","08069001008",1
"605","08069001110",1
"606","08069001306",4
"607","08069001603",1
"608","08069001704",2
"609","08069001709",1
"610","08069001902",1
"611","08069002007",1
"612","08069002700",1
"613","08069002802",1
"614","08077000300",1
"615","08077000500",1
"616","08077000601",1
"617","08077000800",1
"618","08077001501",2
"619","08077001702",1
"620","08083969000",1
"621","08083969400",2
"622","08085966300",3
"623","08091967600",3
"624","08093000500",2
"625","08097000100",1
"626","08097000402",1
"627","08101003500",1
"628","08105976800",1
"629","08107000500",1
"630","08111972600",1
"631","08113968101",1
"632","08113968103",1
"633","08117000200",2
"634","08117000300",1
"635","08117000401",1
"636","08119010104",3
"637","08123000701",1
"638","08123000900",1
"639","08123001414",1
"640","08123002007",1
"641","08123002013",1
"642","08123002207",1
"643","09001020100",1
"644","09001022300",1
"645","09001060600",1
"646","09001080200",1
"647","09003406100",1
"648","09003420500",1
"649","09003468102",1
"650","09003471200",1
"651","09003471500",1
"652","09003484100",1
"653","09003502100",1
"654","09003511300",1
"655","09003514102",1
"656","09003514500",1
"657","09009140100",1
"658","09009150900",1
"659","09009160200",1
"660","09009184200",1
"661","09009184700",1
"662","09009346102",1
"663","09009361200",1
"664","09011705101",1
"665","09011705200",1
"666","09011705300",1
"667","09015800600",1
"668","10001041000",1
"669","10003002700",1
"670","10003011900",1
"671","10003013608",1
"672","10003014502",2
"673","10003014906",1
"674","10005050504",1
"675","10005050802",1
"676","10005051102",1
"677","10005051900",1
"678","11001001702",1
"679","11001004801",1
"680","11001004902",1
"681","11001005800",3
"682","11001007200",1
"683","11001008803",1
"684","11001008903",1
"685","11001009201",1
"686","11001011100",1
"687","12001000500",1
"688","12001001521",1
"689","12001002217",1
"690","12009064127",1
"691","12009064902",1
"692","12009068101",1
"693","12009069700",1
"694","12011020316",1
"695","12011020320",1
"696","12011050602",1
"697","12011070207",1
"698","12011090102",1
"699","12011110336",1
"700","12017450500",1
"701","12019030301",1
"702","12021010506",1
"703","12031000800",1
"704","12031002101",1
"705","12031014001",1
"706","12031014102",1
"707","12031014204",1
"708","12031014401",1
"709","12031014406",1
"710","12031017100",1
"711","12033000800",2
"712","12053041401",1
"713","12057000101",1
"714","12057002200",2
"715","12057003900",1
"716","12057004600",1
"717","12057010105",1
"718","12057011107",1
"719","12057011412",1
"720","12057012211",2
"721","12069030914",1
"722","12069031309",1
"723","12071040116",1
"724","12073002005",1
"725","12073002416",1
"726","12081000703",1
"727","12085001301",1
"728","12086002800",2
"729","12086004204",1
"730","12086006713",1
"731","12086011500",1
"732","12086980300",1
"733","12087972100",1
"734","12087972500",1
"735","12089050102",1
"736","12091022600",1
"737","12091023306",1
"738","12095014504",1
"739","12095015901",1
"740","12095017103",1
"741","12095017107",1
"742","12095018500",1
"743","12097042100",1
"744","12099000102",1
"745","12099002600",1
"746","12099005808",1
"747","12099007302",1
"748","12099007607",1
"749","12099007618",1
"750","12101031701",1
"751","12103021500",1
"752","12103021600",1
"753","12103021800",1
"754","12103021900",1
"755","12103024406",1
"756","12103024512",1
"757","12103024902",1
"758","12103025009",1
"759","12103025603",1
"760","12103026913",1
"761","12103027101",2
"762","12103027308",1
"763","12103027326",1
"764","12103028402",1
"765","12109020500",1
"766","12109021004",1
"767","12115000101",1
"768","12115001302",1
"769","12115002003",1
"770","12117021503",1
"771","12127080400",1
"772","12127080803",1
"773","12127081102",1
"774","12127082301",1
"775","13031110403",1
"776","13031110500",1
"777","13051000300",1
"778","13051000601",1
"779","13053020201",1
"780","13059000100",1
"781","13059130300",1
"782","13067030227",1
"783","13067030412",1
"784","13089022600",1
"785","13089022800",2
"786","13089023000",1
"787","13111050400",2
"788","13117130302",1
"789","13121000400",1
"790","13121001002",1
"791","13121001202",1
"792","13121001900",1
"793","13121003000",1
"794","13121005300",1
"795","13121008902",1
"796","13121008904",1
"797","13121009102",1
"798","13121009603",1
"799","13121010212",1
"800","13121010514",1
"801","13121011610",1
"802","13121011619",1
"803","13121011621",1
"804","13135050718",1
"805","13151070502",1
"806","13187960202",1
"807","13215011100",1
"808","15001021601",1
"809","15001021702",1
"810","15003000112",1
"811","15003003700",1
"812","15003003800",1
"813","15003003900",1
"814","15003005700",2
"815","15003007503",1
"816","15007040500",1
"817","15007040700",1
"818","15009031405",1
"819","15009031502",1
"820","16001000100",2
"821","16001000202",1
"822","16001000701",1
"823","16001001100",2
"824","16001002302",1
"825","16001002410",1
"826","16001002412",1
"827","16001010313",1
"828","16001010321",1
"829","16005000800",1
"830","16013960200",2
"831","16013960300",1
"832","16017950200",1
"833","16017950300",1
"834","16019971200",1
"835","16027020100",1
"836","16055000500",1
"837","16055000601",1
"838","16055000900",1
"839","16055001300",1
"840","16057005100",1
"841","16059970200",1
"842","16069960300",1
"843","16079960400",2
"844","16081960100",2
"845","16085970200",1
"846","16085970300",2
"847","17001000700",1
"848","17019001302",1
"849","17019010601",1
"850","17019011000",3
"851","17027900300",1
"852","17031030900",1
"853","17031031000",1
"854","17031040100",1
"855","17031050100",2
"856","17031050200",1
"857","17031063200",1
"858","17031070400",1
"859","17031071000",1
"860","17031081500",1
"861","17031081600",1
"862","17031140500",1
"863","17031160200",1
"864","17031210100",1
"865","17031221300",1
"866","17031240500",1
"867","17031241400",1
"868","17031241500",1
"869","17031280100",2
"870","17031491400",1
"871","17031720500",1
"872","17031770602",1
"873","17031770700",1
"874","17031801601",1
"875","17031802402",1
"876","17031803701",1
"877","17031804201",1
"878","17031804603",1
"879","17031809700",1
"880","17031820202",1
"881","17031820901",1
"882","17031824105",1
"883","17031824120",1
"884","17031828201",1
"885","17031829800",1
"886","17031830500",1
"887","17031832000",1
"888","17031832600",1
"889","17043840101",1
"890","17043841604",1
"891","17043843100",1
"892","17043844301",1
"893","17043844902",1
"894","17043845000",1
"895","17043846405",1
"896","17043846509",1
"897","17043846519",1
"898","17043846702",1
"899","17077010100",1
"900","17077010300",2
"901","17077010400",1
"902","17085020100",1
"903","17085020300",1
"904","17089850105",1
"905","17089850500",1
"906","17089852601",1
"907","17089853300",1
"908","17091012000",1
"909","17093890600",1
"910","17097861105",1
"911","17097863300",1
"912","17097863701",1
"913","17097864002",1
"914","17097864205",1
"915","17097864307",1
"916","17111870604",1
"917","17113000504",2
"918","17113001600",1
"919","17119400102",1
"920","17119403601",1
"921","17143000900",1
"922","17157950800",1
"923","17161022300",1
"924","17161022600",1
"925","17163503304",1
"926","17167001400",1
"927","17167002802",1
"928","17167003700",1
"929","17179020100",1
"930","17179020301",1
"931","17197880109",1
"932","17197880308",1
"933","17201000514",1
"934","17201000800",1
"935","17201001100",1
"936","17201003805",1
"937","18003002100",1
"938","18003003304",1
"939","18005010100",2
"940","18005011200",1
"941","18005011300",1
"942","18013974800",1
"943","18029080500",1
"944","18033020500",1
"945","18035002800",1
"946","18037953300",1
"947","18039000100",1
"948","18039002700",1
"949","18043070500",1
"950","18043070901",1
"951","18057110700",1
"952","18057110809",1
"953","18057111007",1
"954","18057111008",1
"955","18057111102",1
"956","18063210606",1
"957","18063210607",1
"958","18063210608",1
"959","18067001100",1
"960","18071967700",1
"961","18081610201",1
"962","18081610202",1
"963","18081610300",1
"964","18085961900",1
"965","18089010201",1
"966","18089040200",1
"967","18089040300",1
"968","18089040900",1
"969","18089043002",1
"970","18091042000",1
"971","18091042300",1
"972","18091043000",1
"973","18093950500",1
"974","18097310104",1
"975","18097320400",1
"976","18097320700",2
"977","18097321200",1
"978","18097321300",1
"979","18097322300",1
"980","18097354200",1
"981","18097354400",1
"982","18097355700",1
"983","18097357100",1
"984","18097361100",1
"985","18097390600",1
"986","18097391000",3
"987","18099020302",1
"988","18105000202",1
"989","18105001301",1
"990","18105001600",1
"991","18127050203",1
"992","18127050800",1
"993","18127050900",1
"994","18137968500",1
"995","18141011306",1
"996","18141011406",1
"997","18141011506",1
"998","18151971100",1
"999","18151971300",1
"1000","18157000100",1
"1001","18157011100",1
"1002","18163000300",1
"1003","18163001900",1
"1004","18163002000",1
"1005","18163010202",1
"1006","18173030702",1
"1007","18177000200",1
"1008","19013001502",1
"1009","19013002200",1
"1010","19013002902",1
"1011","19015020300",1
"1012","19017004200",1
"1013","19017004600",1
"1014","19033950402",1
"1015","19043070100",1
"1016","19059451100",2
"1017","19075960100",1
"1018","19085290200",1
"1019","19095960100",1
"1020","19099040200",1
"1021","19099040300",1
"1022","19103000200",1
"1023","19103001600",1
"1024","19103010100",1
"1025","19111490200",1
"1026","19113000207",1
"1027","19113000600",1
"1028","19121060100",1
"1029","19125030500",1
"1030","19129040302",1
"1031","19135070100",1
"1032","19145490300",1
"1033","19153004100",1
"1034","19153005100",3
"1035","19153010205",1
"1036","19153011114",1
"1037","19153011203",1
"1038","19153011205",1
"1039","19163010900",2
"1040","19163012902",1
"1041","19165960100",1
"1042","19167070600",1
"1043","19169000900",1
"1044","19179960500",1
"1045","19183960100",1
"1046","19191950200",1
"1047","19195690100",1
"1048","20009971100",1
"1049","20013480700",1
"1050","20015020400",1
"1051","20029977300",1
"1052","20045000200",1
"1053","20045000797",1
"1054","20051072900",1
"1055","20091052905",1
"1056","20091053007",1
"1057","20091053201",1
"1058","20103070100",1
"1059","20125950800",1
"1060","20149000100",1
"1061","20161000304",1
"1062","20169000100",1
"1063","20173002100",1
"1064","20173004300",1
"1065","20173009401",1
"1066","20173009503",1
"1067","20173010109",1
"1068","20173010116",1
"1069","20173010700",1
"1070","20177002900",1
"1071","20209042002",1
"1072","20209044703",1
"1073","21021930300",1
"1074","21021930500",1
"1075","21037053200",1
"1076","21067000102",1
"1077","21067000200",1
"1078","21067000900",2
"1079","21111004900",4
"1080","21111005900",1
"1081","21111008100",2
"1082","21111008500",1
"1083","21111009800",1
"1084","21111010701",1
"1085","22017021800",1
"1086","22017025300",1
"1087","22033003805",1
"1088","22033005200",1
"1089","22055001409",1
"1090","22071013400",1
"1091","22071013500",1
"1092","22071014200",1
"1093","22099020200",1
"1094","22103040102",1
"1095","22103040501",1
"1096","22103040605",1
"1097","22103040701",1
"1098","22103041300",1
"1099","23001010100",1
"1100","23001020700",1
"1101","23005000300",3
"1102","23005000500",3
"1103","23005000600",1
"1104","23005002102",4
"1105","23005002400",1
"1106","23005003000",1
"1107","23005004001",1
"1108","23005004002",1
"1109","23005004502",1
"1110","23005014000",1
"1111","23005017301",1
"1112","23007970101",2
"1113","23009965900",3
"1114","23009966300",1
"1115","23009966500",1
"1116","23011010700",1
"1117","23013970300",1
"1118","23013970600",1
"1119","23015975100",1
"1120","23015975400",1
"1121","23015975800",1
"1122","23017965100",1
"1123","23017965900",1
"1124","23019000200",1
"1125","23019000700",1
"1126","23019006100",1
"1127","23025965302",1
"1128","23025966700",1
"1129","23027041000",1
"1130","23027043000",2
"1131","23031005300",1
"1132","23031024500",1
"1133","23031025202",1
"1134","23031028002",2
"1135","23031034001",1
"1136","23031036001",1
"1137","23031037000",1
"1138","24003702402",1
"1139","24003702701",1
"1140","24003706101",2
"1141","24003740102",1
"1142","24005440600",1
"1143","24005980200",1
"1144","24009860701",1
"1145","24009860900",1
"1146","24013506102",1
"1147","24013507601",1
"1148","24013507703",1
"1149","24019970400",1
"1150","24021750200",1
"1151","24021750803",1
"1152","24021751003",1
"1153","24021751702",1
"1154","24021752301",1
"1155","24023000600",1
"1156","24025301202",1
"1157","24027602202",1
"1158","24027602800",1
"1159","24027606604",1
"1160","24027606707",2
"1161","24027606905",1
"1162","24031700706",1
"1163","24031700723",1
"1164","24031700901",1
"1165","24031700903",1
"1166","24031704806",1
"1167","24033800516",1
"1168","24033805908",1
"1169","24033806300",1
"1170","24041960700",1
"1171","24045000500",1
"1172","24047950000",2
"1173","24047950400",1
"1174","24047951000",1
"1175","24510030100",1
"1176","24510030200",1
"1177","24510040100",1
"1178","24510110200",1
"1179","24510120201",1
"1180","24510130804",1
"1181","24510220100",1
"1182","24510230200",1
"1183","24510260700",1
"1184","25001015300",1
"1185","25003925100",1
"1186","25003926100",1
"1187","25003935100",1
"1188","25003935200",1
"1189","25005611102",1
"1190","25005646104",1
"1191","25007200200",1
"1192","25009204300",1
"1193","25009221500",1
"1194","25009223300",1
"1195","25009260100",1
"1196","25009266300",1
"1197","25009268200",1
"1198","25011040200",1
"1199","25011040702",1
"1200","25011040900",1
"1201","25011041300",2
"1202","25013811600",1
"1203","25013812600",1
"1204","25013813701",1
"1205","25015820500",2
"1206","25015821903",1
"1207","25015822500",1
"1208","25015822606",1
"1209","25017321200",1
"1210","25017333600",1
"1211","25017342400",1
"1212","25017352400",1
"1213","25017353700",1
"1214","25017368500",1
"1215","25017373100",1
"1216","25017382500",1
"1217","25017383102",1
"1218","25017383600",2
"1219","25017388300",1
"1220","25019950100",1
"1221","25019950200",1
"1222","25021415200",1
"1223","25023500104",1
"1224","25023501102",1
"1225","25023511702",1
"1226","25023530100",1
"1227","25025010204",1
"1228","25025020303",1
"1229","25025060600",2
"1230","25025070200",1
"1231","25025100603",1
"1232","25025120301",1
"1233","25025160400",1
"1234","25027707500",1
"1235","25027708100",1
"1236","25027715100",1
"1237","25027726100",1
"1238","25027731203",1
"1239","25027740102",1
"1240","25027741101",1
"1241","25027757300",1
"1242","25027758102",1
"1243","26003000100",2
"1244","26005030800",1
"1245","26005032100",1
"1246","26007000400",1
"1247","26009960400",1
"1248","26009960600",1
"1249","26015010300",1
"1250","26015011300",1
"1251","26017286500",1
"1252","26017286600",1
"1253","26019000400",1
"1254","26021000400",1
"1255","26021011000",1
"1256","26021011100",1
"1257","26021011200",1
"1258","26021011400",1
"1259","26025004000",1
"1260","26025004100",1
"1261","26031960200",1
"1262","26033970300",1
"1263","26041970900",1
"1264","26045020202",1
"1265","26047970400",1
"1266","26047970700",1
"1267","26049012905",1
"1268","26049013202",1
"1269","26055550102",1
"1270","26055550600",1
"1271","26055550700",1
"1272","26055550900",1
"1273","26055551200",2
"1274","26055551400",2
"1275","26055551500",2
"1276","26061000300",1
"1277","26061000800",2
"1278","26065004100",1
"1279","26065005800",1
"1280","26065006301",1
"1281","26069000300",1
"1282","26073940400",1
"1283","26073940500",1
"1284","26075000600",1
"1285","26077000201",5
"1286","26077000202",1
"1287","26077001601",1
"1288","26077001905",1
"1289","26077003500",1
"1290","26077006702",1
"1291","26081000800",1
"1292","26081001101",1
"1293","26081002000",3
"1294","26081002400",1
"1295","26081002500",1
"1296","26081002600",1
"1297","26081010402",1
"1298","26081010700",1
"1299","26081011401",1
"1300","26081011801",1
"1301","26081011902",1
"1302","26081012203",1
"1303","26081012604",1
"1304","26081013000",1
"1305","26083000100",1
"1306","26089970100",1
"1307","26089970300",2
"1308","26091061302",1
"1309","26095980000",1
"1310","26099227300",1
"1311","26099241500",1
"1312","26099260700",1
"1313","26099262400",1
"1314","26099262800",1
"1315","26103000100",2
"1316","26103000300",1
"1317","26103001800",1
"1318","26105950500",1
"1319","26107960500",1
"1320","26107960600",1
"1321","26111291200",1
"1322","26117971200",1
"1323","26121004200",1
"1324","26125124500",1
"1325","26125129000",1
"1326","26125134400",1
"1327","26125139200",1
"1328","26125140302",1
"1329","26125152900",2
"1330","26125160800",1
"1331","26125173400",1
"1332","26125180100",1
"1333","26125183000",1
"1334","26125184400",2
"1335","26125184500",1
"1336","26125191200",1
"1337","26125197000",1
"1338","26137950300",1
"1339","26139020501",1
"1340","26139020900",1
"1341","26139021100",1
"1342","26139021801",2
"1343","26139022203",1
"1344","26139023100",1
"1345","26139024900",2
"1346","26145011300",2
"1347","26147623000",1
"1348","26147625000",1
"1349","26147642000",1
"1350","26159011600",1
"1351","26159011800",1
"1352","26161400100",4
"1353","26161404100",1
"1354","26161410800",1
"1355","26161411200",1
"1356","26161421100",1
"1357","26161446400",1
"1358","26161448000",1
"1359","26161454000",1
"1360","26161455000",1
"1361","26163516500",1
"1362","26163517200",1
"1363","26163520300",2
"1364","26163561700",1
"1365","26163562500",1
"1366","26163577100",1
"1367","26163580700",1
"1368","26165380700",1
"1369","27003050233",1
"1370","27007450600",1
"1371","27015960200",1
"1372","27019090402",1
"1373","27021940001",1
"1374","27027020202",1
"1375","27035951000",1
"1376","27035951302",1
"1377","27037060726",1
"1378","27039950100",1
"1379","27049080200",1
"1380","27053002400",1
"1381","27053007700",1
"1382","27053020400",1
"1383","27053022901",2
"1384","27053026208",1
"1385","27053026710",1
"1386","27053027501",1
"1387","27053100500",1
"1388","27053102300",1
"1389","27053102500",1
"1390","27053102600",2
"1391","27053104400",1
"1392","27053104800",1
"1393","27053108700",1
"1394","27053108800",1
"1395","27053111600",1
"1396","27053126200",2
"1397","27075370100",1
"1398","27081201001",1
"1399","27103480600",1
"1400","27109000600",1
"1401","27123034201",1
"1402","27123035800",1
"1403","27123036700",2
"1404","27123036800",1
"1405","27123036900",1
"1406","27123041200",1
"1407","27123041302",2
"1408","27127750500",1
"1409","27137001700",1
"1410","27137001900",5
"1411","27137015300",1
"1412","27137015600",2
"1413","27145000500",1
"1414","27145011302",2
"1415","27157490200",1
"1416","27163070502",2
"1417","27163070601",1
"1418","27169670200",1
"1419","27169670300",1
"1420","28035010700",1
"1421","28045030602",1
"1422","28059040500",1
"1423","29019000500",2
"1424","29019001400",1
"1425","29029950100",1
"1426","29031880400",1
"1427","29047021401",1
"1428","29047022200",1
"1429","29051020600",1
"1430","29051020700",1
"1431","29071800300",1
"1432","29071800401",2
"1433","29077000100",1
"1434","29077000502",1
"1435","29077000600",1
"1436","29095009200",1
"1437","29095013405",1
"1438","29095015300",1
"1439","29095015700",1
"1440","29095016800",1
"1441","29095980802",1
"1442","29109470601",1
"1443","29161890800",1
"1444","29163460400",1
"1445","29165030308",1
"1446","29165030700",1
"1447","29183310502",1
"1448","29183311322",1
"1449","29183311802",1
"1450","29183312204",1
"1451","29186960200",1
"1452","29186960300",1
"1453","29189212700",1
"1454","29189215003",1
"1455","29189217000",1
"1456","29189218600",1
"1457","29215480300",1
"1458","29215480400",1
"1459","29510101500",1
"1460","29510104200",1
"1461","29510104500",1
"1462","29510116100",1
"1463","29510118600",1
"1464","29510119300",1
"1465","29510121100",1
"1466","29510125500",1
"1467","29510125600",1
"1468","29510127400",2
"1469","29510127500",1
"1470","30009000300",1
"1471","30013001600",1
"1472","30013002200",1
"1473","30013010600",1
"1474","30029000203",1
"1475","30029000402",1
"1476","30029001400",1
"1477","30031000103",2
"1478","30031000600",2
"1479","30031000701",1
"1480","30031001101",1
"1481","30031001600",1
"1482","30039961700",1
"1483","30047000200",1
"1484","30047940303",1
"1485","30049000700",1
"1486","30049000900",1
"1487","30063000201",2
"1488","30063000202",1
"1489","30063000300",1
"1490","30063000700",1
"1491","30063000800",1
"1492","30067000300",1
"1493","30081000201",2
"1494","30081000500",1
"1495","30081000600",1
"1496","30085940001",1
"1497","30093000100",1
"1498","30109000100",1
"1499","30111000200",1
"1500","30111000402",6
"1501","30111001100",1
"1502","30111001902",1
"1503","31011960200",1
"1504","31019969500",1
"1505","31055001800",2
"1506","31055006904",1
"1507","31055007445",1
"1508","31055007451",1
"1509","31055007514",1
"1510","31067964700",1
"1511","31079001000",1
"1512","31109000500",2
"1513","31109001200",1
"1514","31109001900",1
"1515","31109003301",1
"1516","31109003402",1
"1517","31109003714",1
"1518","31133967800",1
"1519","31141965600",1
"1520","31145963300",1
"1521","31153010620",1
"1522","31153010629",1
"1523","31153010702",1
"1524","32003000700",2
"1525","32003002405",1
"1526","32003002603",1
"1527","32003002605",1
"1528","32003002821",1
"1529","32003003236",1
"1530","32003003261",1
"1531","32003003409",1
"1532","32003003415",1
"1533","32003005109",1
"1534","32003005322",1
"1535","32003005502",1
"1536","32003005702",1
"1537","32003005805",1
"1538","32003005843",1
"1539","32003006700",3
"1540","32007950200",1
"1541","32031000101",1
"1542","32031000202",2
"1543","32031000400",1
"1544","32031001012",1
"1545","32031001902",1
"1546","32031003101",1
"1547","32031003202",1
"1548","32031003203",1
"1549","32033970200",1
"1550","32510000100",1
"1551","33003955300",1
"1552","33003955400",1
"1553","33003955800",1
"1554","33005971401",1
"1555","33009960100",1
"1556","33009960500",1
"1557","33009960800",1
"1558","33009961100",1
"1559","33009961800",1
"1560","33011001000",1
"1561","33011010700",1
"1562","33011011000",1
"1563","33011200400",1
"1564","33013003001",1
"1565","33013037000",1
"1566","33013040000",1
"1567","33013041000",1
"1568","33015065001",1
"1569","33015066000",1
"1570","33015069100",2
"1571","33015100400",1
"1572","33015107200",1
"1573","33015107400",1
"1574","33017081300",1
"1575","34001001200",1
"1576","34003046200",1
"1577","34005700407",1
"1578","34005702603",1
"1579","34007603501",1
"1580","34007607402",1
"1581","34007607505",1
"1582","34009021002",1
"1583","34009021804",1
"1584","34011030501",1
"1585","34013016600",1
"1586","34013019300",1
"1587","34013021601",1
"1588","34017014700",1
"1589","34019010600",1
"1590","34019011900",1
"1591","34021004000",1
"1592","34023001805",1
"1593","34023002902",1
"1594","34023009300",1
"1595","34025800200",1
"1596","34025803600",1
"1597","34025806504",1
"1598","34027040500",1
"1599","34027046298",1
"1600","34029710100",1
"1601","34029723000",1
"1602","34029723200",1
"1603","34035053803",1
"1604","34037373400",1
"1605","34039033800",1
"1606","34039038202",1
"1607","35001000109",1
"1608","35001000204",1
"1609","35001000207",1
"1610","35001001700",3
"1611","35001002100",1
"1612","35001002700",1
"1613","35001003400",2
"1614","35001003719",1
"1615","35001003733",1
"1616","35001003736",2
"1617","35001004746",1
"1618","35001004753",1
"1619","35007950700",1
"1620","35013000500",1
"1621","35013001000",1
"1622","35013001203",1
"1623","35015001000",1
"1624","35017964100",1
"1625","35017964400",1
"1626","35028000400",1
"1627","35029000600",1
"1628","35039000400",1
"1629","35041000100",1
"1630","35043010601",2
"1631","35043010715",2
"1632","35043010716",1
"1633","35045000402",1
"1634","35049000400",3
"1635","35049000700",1
"1636","35049001002",1
"1637","35049001106",1
"1638","35049010601",1
"1639","35049010700",1
"1640","35053978303",1
"1641","35055940100",3
"1642","35055952300",1
"1643","35057963202",1
"1644","35061970102",1
"1645","36001001100",1
"1646","36007001200",2
"1647","36007013900",1
"1648","36009960702",2
"1649","36013035800",1
"1650","36013037000",1
"1651","36015000700",1
"1652","36015010500",1
"1653","36015010700",1
"1654","36015010800",1
"1655","36019100800",1
"1656","36021000300",1
"1657","36023970600",1
"1658","36027070201",1
"1659","36029005700",1
"1660","36029006100",1
"1661","36029007904",1
"1662","36029009600",1
"1663","36029010700",1
"1664","36029013202",1
"1665","36029016500",2
"1666","36031960498",2
"1667","36031960598",1
"1668","36031961300",1
"1669","36033951100",2
"1670","36039080100",1
"1671","36039080300",1
"1672","36039080900",1
"1673","36045060400",1
"1674","36045060804",1
"1675","36045061600",1
"1676","36047005300",1
"1677","36047013500",1
"1678","36047019900",1
"1679","36047055700",1
"1680","36053030501",1
"1681","36053030900",1
"1682","36053940300",1
"1683","36055005600",1
"1684","36055009302",1
"1685","36055012402",1
"1686","36055014905",1
"1687","36059413200",1
"1688","36059518000",1
"1689","36061003700",1
"1690","36061005200",1
"1691","36061005400",1
"1692","36061005800",1
"1693","36061011900",1
"1694","36061012100",1
"1695","36063024101",1
"1696","36063024301",1
"1697","36065020900",2
"1698","36067000100",1
"1699","36067001000",1
"1700","36067002101",1
"1701","36067003200",2
"1702","36069050400",1
"1703","36069051200",1
"1704","36071000501",1
"1705","36071014301",1
"1706","36075021601",1
"1707","36077590100",1
"1708","36077590201",1
"1709","36077590400",1
"1710","36077590500",1
"1711","36081000100",1
"1712","36081001900",1
"1713","36081012301",1
"1714","36083040700",1
"1715","36083052103",1
"1716","36087011901",1
"1717","36087012700",1
"1718","36089492100",1
"1719","36091061000",1
"1720","36091061100",1
"1721","36091062501",1
"1722","36093033500",1
"1723","36097950100",1
"1724","36097950400",2
"1725","36099950700",1
"1726","36099950900",1
"1727","36101960100",1
"1728","36101961400",1
"1729","36101962600",1
"1730","36103122300",1
"1731","36103123201",1
"1732","36103147401",1
"1733","36103158107",1
"1734","36103158206",1
"1735","36103158900",1
"1736","36103159000",1
"1737","36103169800",2
"1738","36103170101",1
"1739","36103190800",1
"1740","36103201004",1
"1741","36105950200",1
"1742","36109000100",1
"1743","36109000500",1
"1744","36109001300",1
"1745","36109001400",1
"1746","36109001500",1
"1747","36109002000",1
"1748","36111950200",1
"1749","36111952100",1
"1750","36111953400",1
"1751","36113070200",1
"1752","36113070500",1
"1753","36113072000",1
"1754","36119011000",1
"1755","36119014100",1
"1756","36123150100",1
"1757","36123150400",1
"1758","37001022002",1
"1759","37009970400",1
"1760","37011930302",1
"1761","37021000100",6
"1762","37021000500",1
"1763","37021000900",3
"1764","37021001200",1
"1765","37021001900",1
"1766","37021002000",1
"1767","37021002101",1
"1768","37021002204",2
"1769","37021002702",1
"1770","37021003102",1
"1771","37021003104",1
"1772","37023020500",1
"1773","37023020600",1
"1774","37027030100",1
"1775","37035010501",2
"1776","37035010700",1
"1777","37037020800",1
"1778","37051002001",1
"1779","37051003800",1
"1780","37053110402",1
"1781","37055970300",1
"1782","37063000500",1
"1783","37063000900",1
"1784","37063002200",2
"1785","37067000100",1
"1786","37081010401",1
"1787","37081010800",1
"1788","37081014410",1
"1789","37081017200",1
"1790","37085070904",1
"1791","37087920900",2
"1792","37087921000",1
"1793","37089931100",1
"1794","37097061303",1
"1795","37099950300",2
"1796","37099950900",1
"1797","37101040901",1
"1798","37103920300",1
"1799","37107010700",1
"1800","37119000100",1
"1801","37119000400",1
"1802","37119000700",3
"1803","37119003700",1
"1804","37119003802",1
"1805","37119005914",1
"1806","37119006209",1
"1807","37119006407",1
"1808","37121950300",1
"1809","37125951100",1
"1810","37129011300",2
"1811","37135010703",1
"1812","37135010704",1
"1813","37135011000",1
"1814","37135011601",1
"1815","37135011700",1
"1816","37147001800",1
"1817","37149920304",1
"1818","37151030100",1
"1819","37171930302",1
"1820","37171930801",1
"1821","37173960200",1
"1822","37175960300",1
"1823","37175960402",1
"1824","37183050100",2
"1825","37183051000",2
"1826","37183051400",1
"1827","37183051800",1
"1828","37183053106",1
"1829","37183053205",1
"1830","37183053207",1
"1831","37183053420",1
"1832","37183053717",1
"1833","37183053724",1
"1834","37183054206",1
"1835","37189920500",1
"1836","37189920601",1
"1837","37189920800",1
"1838","37189921000",1
"1839","38015010100",1
"1840","38017000600",1
"1841","38017010106",1
"1842","38059020100",1
"1843","38059020300",1
"1844","38101010100",1
"1845","39009973101",1
"1846","39009973902",1
"1847","39011041000",1
"1848","39017010101",1
"1849","39025041403",1
"1850","39035103602",3
"1851","39035107101",1
"1852","39035108201",1
"1853","39035134300",1
"1854","39035138106",1
"1855","39035140702",1
"1856","39035161200",1
"1857","39035170201",1
"1858","39035174106",1
"1859","39035181201",1
"1860","39035186104",1
"1861","39035189105",1
"1862","39041010100",1
"1863","39041012400",1
"1864","39043040600",1
"1865","39045030900",1
"1866","39049001700",1
"1867","39049001901",2
"1868","39049002200",1
"1869","39049002600",1
"1870","39049003000",5
"1871","39049005200",1
"1872","39049006220",1
"1873","39049008400",1
"1874","39053953900",1
"1875","39055312201",1
"1876","39057255000",1
"1877","39061000700",1
"1878","39061001600",1
"1879","39061001700",1
"1880","39061003800",1
"1881","39061004702",2
"1882","39061010800",1
"1883","39061022301",1
"1884","39061024400",1
"1885","39061026500",1
"1886","39061027400",1
"1887","39063000800",1
"1888","39063000900",1
"1889","39069000700",1
"1890","39075976700",1
"1891","39085201400",1
"1892","39085203700",1
"1893","39085205900",1
"1894","39085206100",1
"1895","39089753100",1
"1896","39089757100",1
"1897","39089758300",1
"1898","39095007101",1
"1899","39095010300",1
"1900","39099813900",1
"1901","39103403002",1
"1902","39113001501",1
"1903","39113020800",1
"1904","39113021602",1
"1905","39113040406",1
"1906","39113050402",1
"1907","39113050502",1
"1908","39119911400",1
"1909","39123050100",1
"1910","39133600103",1
"1911","39145003600",1
"1912","39153501700",1
"1913","39153503800",1
"1914","39165032201",1
"1915","39167020500",1
"1916","39169000100",1
"1917","39173020602",1
"1918","40027200100",1
"1919","40027201508",1
"1920","40027202301",1
"1921","40031002401",1
"1922","40109100100",1
"1923","40109103500",1
"1924","40109103800",2
"1925","40109104700",1
"1926","40109105907",1
"1927","40109108315",1
"1928","40109108317",1
"1929","40109108404",1
"1930","40121486000",1
"1931","40143002301",1
"1932","40143006803",1
"1933","41001950200",3
"1934","41003001101",1
"1935","41003010600",5
"1936","41005020100",1
"1937","41005020200",1
"1938","41005020504",1
"1939","41005020700",1
"1940","41005021500",1
"1941","41005022201",1
"1942","41005022205",1
"1943","41005022400",1
"1944","41005022708",1
"1945","41005023300",1
"1946","41005024200",1
"1947","41005024304",1
"1948","41007950200",2
"1949","41007950300",1
"1950","41007950700",1
"1951","41007950900",1
"1952","41007951100",2
"1953","41009971100",1
"1954","41011000700",1
"1955","41013950300",1
"1956","41015950200",1
"1957","41015950301",1
"1958","41017000402",1
"1959","41017000500",2
"1960","41017000600",1
"1961","41017000800",2
"1962","41017000900",2
"1963","41017001001",1
"1964","41017001100",1
"1965","41017001400",5
"1966","41017001500",6
"1967","41017001600",1
"1968","41017001902",1
"1969","41019090000",1
"1970","41019120000",1
"1971","41019130000",2
"1972","41019170000",1
"1973","41027950100",1
"1974","41027950300",4
"1975","41027950400",1
"1976","41029000100",1
"1977","41029000300",1
"1978","41029000406",1
"1979","41029000800",1
"1980","41029000900",1
"1981","41029001002",1
"1982","41029001800",2
"1983","41029002000",2
"1984","41033360500",2
"1985","41033361600",1
"1986","41035970700",1
"1987","41035971400",1
"1988","41035971800",1
"1989","41039001500",1
"1990","41039002102",1
"1991","41039002904",1
"1992","41039003000",1
"1993","41039003302",1
"1994","41039003800",2
"1995","41039003900",2
"1996","41039004200",2
"1997","41039004300",2
"1998","41039004900",1
"1999","41041950304",1
"2000","41041951100",1
"2001","41041951200",1
"2002","41041951400",1
"2003","41043020400",2
"2004","41043030700",1
"2005","41045970400",1
"2006","41047000200",3
"2007","41047000400",2
"2008","41047001000",2
"2009","41047002101",1
"2010","41047010503",1
"2011","41051000100",3
"2012","41051000200",1
"2013","41051000301",1
"2014","41051000902",1
"2015","41051001101",5
"2016","41051001102",2
"2017","41051001202",1
"2018","41051001302",3
"2019","41051002000",3
"2020","41051002100",3
"2021","41051002203",1
"2022","41051002303",4
"2023","41051002402",2
"2024","41051002702",1
"2025","41051002801",2
"2026","41051003200",2
"2027","41051003401",2
"2028","41051003402",3
"2029","41051003501",1
"2030","41051003601",2
"2031","41051003603",1
"2032","41051004102",1
"2033","41051004200",2
"2034","41051004300",1
"2035","41051004700",1
"2036","41051004800",2
"2037","41051004900",2
"2038","41051005000",4
"2039","41051005100",2
"2040","41051005200",3
"2041","41051005600",2
"2042","41051005700",1
"2043","41051005900",1
"2044","41051006002",1
"2045","41051006502",1
"2046","41051006602",1
"2047","41051006702",1
"2048","41051007100",1
"2049","41051007201",1
"2050","41051007500",1
"2051","41051008201",1
"2052","41051009803",1
"2053","41051010001",1
"2054","41051010303",1
"2055","41051010600",2
"2056","41053020302",1
"2057","41057960500",1
"2058","41057960700",1
"2059","41059950300",1
"2060","41059950600",1
"2061","41063960100",1
"2062","41063960300",1
"2063","41065970200",1
"2064","41067030300",1
"2065","41067030401",1
"2066","41067030502",1
"2067","41067030801",1
"2068","41067030806",1
"2069","41067031003",1
"2070","41067031402",1
"2071","41067031507",1
"2072","41067031509",1
"2073","41067031609",2
"2074","41067031611",1
"2075","41067031911",1
"2076","41067032103",2
"2077","41067032606",1
"2078","41067032607",2
"2079","41067033200",1
"2080","41071030201",1
"2081","41071030400",1
"2082","41071030801",3
"2083","42001030600",1
"2084","42001031502",1
"2085","42003020100",1
"2086","42003060300",1
"2087","42003090100",1
"2088","42003101100",1
"2089","42003120700",1
"2090","42003151600",1
"2091","42003170200",2
"2092","42003240600",1
"2093","42003483800",1
"2094","42003521500",1
"2095","42003524000",1
"2096","42003981200",1
"2097","42007601200",1
"2098","42007602900",1
"2099","42011000100",1
"2100","42011013200",1
"2101","42011014000",1
"2102","42013011100",1
"2103","42017100302",1
"2104","42017101401",1
"2105","42017102004",1
"2106","42017102402",1
"2107","42017104400",1
"2108","42017104702",1
"2109","42017105600",1
"2110","42017106600",1
"2111","42019902400",1
"2112","42019910400",1
"2113","42019911900",1
"2114","42025020600",1
"2115","42027010800",1
"2116","42027011100",1
"2117","42027011300",1
"2118","42027011702",1
"2119","42029300107",1
"2120","42029300700",1
"2121","42029301000",2
"2122","42029302101",1
"2123","42029302400",1
"2124","42029302706",1
"2125","42029304101",1
"2126","42037050600",1
"2127","42037050900",1
"2128","42037051200",1
"2129","42039110201",1
"2130","42039111200",1
"2131","42039111600",1
"2132","42041011301",1
"2133","42041011304",1
"2134","42041012200",1
"2135","42041013200",1
"2136","42043020100",1
"2137","42043022900",1
"2138","42043024001",1
"2139","42043024101",1
"2140","42045407502",1
"2141","42045410302",1
"2142","42047951300",1
"2143","42049000100",1
"2144","42049001100",1
"2145","42049001200",1
"2146","42055010900",1
"2147","42069110700",1
"2148","42071000100",1
"2149","42071000200",1
"2150","42071000500",1
"2151","42071010400",1
"2152","42071010501",1
"2153","42071010900",2
"2154","42071012001",1
"2155","42071012002",1
"2156","42071012403",1
"2157","42071012501",1
"2158","42071012502",1
"2159","42071013902",1
"2160","42071014101",1
"2161","42077009700",1
"2162","42079201300",1
"2163","42079211701",1
"2164","42079215600",1
"2165","42081000600",1
"2166","42081011601",1
"2167","42089300401",2
"2168","42089300501",1
"2169","42091200505",1
"2170","42091200908",1
"2171","42091201003",1
"2172","42091201302",1
"2173","42091201705",1
"2174","42091203104",1
"2175","42091205300",1
"2176","42091205801",1
"2177","42091206300",1
"2178","42091209000",1
"2179","42093050200",1
"2180","42093050300",1
"2181","42095010800",1
"2182","42095014400",1
"2183","42095014700",1
"2184","42101000600",1
"2185","42101000700",1
"2186","42101001002",1
"2187","42101007800",1
"2188","42101014200",1
"2189","42101016100",1
"2190","42101021000",1
"2191","42101038200",1
"2192","42101038500",1
"2193","42101038800",1
"2194","42101980600",1
"2195","42109070701",1
"2196","42111021400",1
"2197","42117950600",1
"2198","42129802001",1
"2199","42129803200",1
"2200","42129803301",1
"2201","42129803800",1
"2202","42129806900",1
"2203","42129807402",1
"2204","42131400400",1
"2205","42133000100",1
"2206","42133001600",1
"2207","42133021300",1
"2208","42133022100",1
"2209","42133023822",1
"2210","42133024002",1
"2211","44005040302",1
"2212","44005040500",1
"2213","44007000600",1
"2214","44007000800",2
"2215","44007016300",2
"2216","44007018500",1
"2217","44009041500",1
"2218","44009050801",1
"2219","45003021300",1
"2220","45013010200",1
"2221","45015020403",1
"2222","45019000200",1
"2223","45019003900",1
"2224","45019004614",1
"2225","45019005300",1
"2226","45019005500",1
"2227","45041000202",1
"2228","45043920503",1
"2229","45045000200",1
"2230","45045003602",1
"2231","45045004400",1
"2232","45051050500",1
"2233","45051050600",1
"2234","45051051000",1
"2235","45053950201",1
"2236","45079002900",1
"2237","45079011701",1
"2238","45083021200",1
"2239","46011958802",2
"2240","46029954400",1
"2241","46033965200",1
"2242","46081966301",1
"2243","46099000500",1
"2244","46099001101",1
"2245","46103010200",2
"2246","46103011700",2
"2247","47009010500",1
"2248","47009011402",1
"2249","47037016800",1
"2250","47037019200",1
"2251","47037019500",5
"2252","47037980200",1
"2253","47065000600",1
"2254","47065001800",1
"2255","47065003100",3
"2256","47065011446",1
"2257","47065012400",1
"2258","47093000100",1
"2259","47093003700",1
"2260","47093004404",1
"2261","47093005803",1
"2262","47093006700",1
"2263","47125100100",1
"2264","47149041302",1
"2265","47149041800",1
"2266","47155081000",1
"2267","47155081101",1
"2268","47157002700",1
"2269","47157003100",1
"2270","47157006600",1
"2271","47157011400",1
"2272","47157011700",1
"2273","47163043600",1
"2274","47179061702",1
"2275","47185935000",1
"2276","47187050208",1
"2277","47187050307",1
"2278","47187050905",1
"2279","47187050906",1
"2280","48021950400",1
"2281","48027021202",1
"2282","48029110900",2
"2283","48029121120",1
"2284","48029121203",1
"2285","48029121907",1
"2286","48029172005",1
"2287","48029181815",1
"2288","48029191807",1
"2289","48029192100",1
"2290","48031950100",1
"2291","48031950200",2
"2292","48039660602",1
"2293","48041001302",1
"2294","48041002013",1
"2295","48043950500",1
"2296","48053960700",1
"2297","48061012305",1
"2298","48085030900",1
"2299","48085031001",1
"2300","48085031506",1
"2301","48085031508",1
"2302","48085031657",1
"2303","48085031802",1
"2304","48091310100",2
"2305","48091310401",1
"2306","48095950300",1
"2307","48113000701",1
"2308","48113007822",1
"2309","48113007912",1
"2310","48113009900",1
"2311","48113010000",2
"2312","48113010102",1
"2313","48113013616",1
"2314","48113013726",1
"2315","48113017813",1
"2316","48113018133",1
"2317","48113018501",1
"2318","48113019211",1
"2319","48113020400",1
"2320","48121020309",1
"2321","48121020401",1
"2322","48121021738",1
"2323","48141004309",1
"2324","48157671601",1
"2325","48157671800",1
"2326","48157673400",1
"2327","48167724101",1
"2328","48171950400",1
"2329","48171950500",1
"2330","48181001700",1
"2331","48185180102",1
"2332","48187210714",1
"2333","48201212300",1
"2334","48201220900",1
"2335","48201310100",1
"2336","48201310200",1
"2337","48201510600",1
"2338","48201520500",1
"2339","48201542700",1
"2340","48201551400",1
"2341","48209010600",1
"2342","48209010701",1
"2343","48209010808",1
"2344","48209010809",1
"2345","48215020501",1
"2346","48221160204",1
"2347","48251130207",1
"2348","48257051201",1
"2349","48259970500",1
"2350","48285000400",1
"2351","48303000302",1
"2352","48303000700",1
"2353","48303010408",1
"2354","48339690201",1
"2355","48339690700",1
"2356","48339693900",1
"2357","48351950300",1
"2358","48355005102",1
"2359","48355005413",1
"2360","48375014401",1
"2361","48399950500",1
"2362","48423001101",1
"2363","48423001901",1
"2364","48439111525",1
"2365","48439113403",1
"2366","48439113705",1
"2367","48439113922",1
"2368","48439121702",1
"2369","48439123200",2
"2370","48439123500",1
"2371","48439123600",1
"2372","48439980000",1
"2373","48441011000",1
"2374","48453000203",1
"2375","48453000204",1
"2376","48453000902",1
"2377","48453001100",1
"2378","48453001303",1
"2379","48453001307",1
"2380","48453001402",1
"2381","48453001707",1
"2382","48453001741",1
"2383","48453001750",1
"2384","48453001753",1
"2385","48453001764",1
"2386","48453001765",1
"2387","48453001768",1
"2388","48453001821",1
"2389","48453001842",1
"2390","48453001849",2
"2391","48453002003",1
"2392","48453002403",1
"2393","48453002431",1
"2394","48491020315",1
"2395","48491020504",1
"2396","49007000200",1
"2397","49011125805",1
"2398","49019000200",1
"2399","49019000300",1
"2400","49035101000",1
"2401","49035102300",1
"2402","49035102500",2
"2403","49035102900",1
"2404","49035104100",1
"2405","49035112302",1
"2406","49035112502",1
"2407","49035112503",1
"2408","49035114500",1
"2409","49043964307",1
"2410","49043964308",1
"2411","49043964402",2
"2412","49045130900",1
"2413","49053270100",1
"2414","49057201100",1
"2415","49057210512",1
"2416","50001960500",1
"2417","50001960700",1
"2418","50001960800",2
"2419","50003971200",2
"2420","50005957200",1
"2421","50005957300",1
"2422","50007001000",4
"2423","50007003304",1
"2424","50007003400",1
"2425","50011010300",1
"2426","50011010700",1
"2427","50015953100",1
"2428","50015953500",1
"2429","50015953600",2
"2430","50017959800",1
"2431","50019951600",1
"2432","50019952000",1
"2433","50023954000",1
"2434","50023955500",1
"2435","50025968500",3
"2436","50027965000",1
"2437","50027966000",1
"2438","51003010201",1
"2439","51003011100",1
"2440","51003011400",1
"2441","51013101403",1
"2442","51013102902",1
"2443","51019030103",1
"2444","51019030501",1
"2445","51023040302",1
"2446","51033030500",1
"2447","51041100915",1
"2448","51059422000",1
"2449","51059440201",1
"2450","51059451501",1
"2451","51059480202",1
"2452","51059491803",1
"2453","51075400100",1
"2454","51075400400",1
"2455","51085320801",1
"2456","51087200502",1
"2457","51095080401",1
"2458","51107610102",1
"2459","51107610201",1
"2460","51107610300",1
"2461","51107610505",4
"2462","51107611006",1
"2463","51107611019",1
"2464","51107611501",1
"2465","51107611700",1
"2466","51121020700",1
"2467","51121021200",1
"2468","51125950200",1
"2469","51125950300",3
"2470","51155210100",1
"2471","51163930100",1
"2472","51177020106",1
"2473","51177020201",1
"2474","51187020200",1
"2475","51191010501",1
"2476","51191010900",1
"2477","51199051000",1
"2478","51510200600",1
"2479","51510201801",1
"2480","51540000202",1
"2481","51540000401",1
"2482","51540001000",1
"2483","51610500100",1
"2484","51650010314",1
"2485","51660000101",1
"2486","51678930500",1
"2487","51680000500",1
"2488","51683910401",2
"2489","51710002700",1
"2490","51710003800",1
"2491","51760020500",1
"2492","51760040200",2
"2493","51760061000",1
"2494","51770002900",1
"2495","51770003000",1
"2496","51775010100",1
"2497","51790000100",2
"2498","51790000400",1
"2499","51810041003",1
"2500","51810045417",1
"2501","51810045603",1
"2502","51840000100",1
"2503","53003960300",1
"2504","53005010201",1
"2505","53005010600",1
"2506","53005010805",1
"2507","53005011300",1
"2508","53005011700",2
"2509","53005011900",1
"2510","53007960200",1
"2511","53007961302",1
"2512","53009000700",1
"2513","53009000900",2
"2514","53009001200",1
"2515","53011040407",1
"2516","53011040509",1
"2517","53011040610",1
"2518","53011040805",1
"2519","53011041319",1
"2520","53011041500",2
"2521","53011042400",2
"2522","53011042500",2
"2523","53011042600",1
"2524","53013960200",1
"2525","53015002002",1
"2526","53015002100",1
"2527","53019970200",1
"2528","53025010500",1
"2529","53025011100",1
"2530","53027001600",1
"2531","53029970700",1
"2532","53029971400",1
"2533","53031950601",1
"2534","53033000100",1
"2535","53033001200",1
"2536","53033001701",1
"2537","53033002800",1
"2538","53033002900",1
"2539","53033004301",1
"2540","53033004600",1
"2541","53033004700",8
"2542","53033004800",3
"2543","53033004900",1
"2544","53033005301",1
"2545","53033005400",1
"2546","53033007000",1
"2547","53033007500",2
"2548","53033008100",1
"2549","53033008200",2
"2550","53033008400",1
"2551","53033009300",7
"2552","53033009800",1
"2553","53033010300",1
"2554","53033010402",1
"2555","53033010500",1
"2556","53033011200",1
"2557","53033021700",1
"2558","53033021802",1
"2559","53033021906",1
"2560","53033023601",1
"2561","53033023700",1
"2562","53033023804",1
"2563","53033026200",1
"2564","53033026400",1
"2565","53033026500",1
"2566","53033027702",1
"2567","53033027900",1
"2568","53033029203",1
"2569","53033029206",1
"2570","53033030006",1
"2571","53033032104",1
"2572","53033032309",1
"2573","53033032313",1
"2574","53033032319",2
"2575","53033032401",1
"2576","53033032703",1
"2577","53035080400",1
"2578","53035080900",1
"2579","53035090101",1
"2580","53035090501",3
"2581","53035090900",1
"2582","53035091201",2
"2583","53035091302",1
"2584","53035092200",1
"2585","53037975100",1
"2586","53037975600",1
"2587","53037975700",1
"2588","53039950300",1
"2589","53041970300",1
"2590","53041970400",1
"2591","53041971700",1
"2592","53043960400",1
"2593","53045960800",1
"2594","53047970300",1
"2595","53047970900",1
"2596","53047971000",1
"2597","53053060200",1
"2598","53053060500",1
"2599","53053061001",1
"2600","53053061200",1
"2601","53053061500",2
"2602","53053061601",1
"2603","53053061602",1
"2604","53053062600",1
"2605","53053070207",1
"2606","53053071207",1
"2607","53053071901",1
"2608","53053072507",1
"2609","53053073119",1
"2610","53053073122",1
"2611","53053073301",1
"2612","53053073404",1
"2613","53053073407",2
"2614","53055960100",1
"2615","53057940600",1
"2616","53057951000",1
"2617","53057952100",1
"2618","53057952500",1
"2619","53057952600",1
"2620","53059950300",1
"2621","53059950500",2
"2622","53061040100",1
"2623","53061040500",1
"2624","53061040700",1
"2625","53061041301",2
"2626","53061041704",1
"2627","53061041806",1
"2628","53061042006",1
"2629","53061050500",3
"2630","53061051400",1
"2631","53061051926",2
"2632","53061052208",1
"2633","53061052606",1
"2634","53061053509",1
"2635","53061053802",1
"2636","53063002500",2
"2637","53063003500",1
"2638","53063010401",1
"2639","53063011000",1
"2640","53063011702",1
"2641","53063014500",2
"2642","53065950100",1
"2643","53065950300",1
"2644","53067010100",2
"2645","53067012330",1
"2646","53071920100",1
"2647","53071920802",2
"2648","53073000501",1
"2649","53073000502",1
"2650","53073000600",1
"2651","53073010100",1
"2652","53073010404",1
"2653","53075000400",1
"2654","53077000300",1
"2655","53077001702",1
"2656","53077002001",1
"2657","54003971500",1
"2658","54019020100",1
"2659","54031970100",1
"2660","54039000900",1
"2661","54061010102",1
"2662","54061011000",1
"2663","54061011900",1
"2664","54093965200",1
"2665","54093965300",1
"2666","54107000300",1
"2667","55003950400",1
"2668","55005000300",1
"2669","55005000900",1
"2670","55009000100",1
"2671","55009000800",1
"2672","55009010300",1
"2673","55009020503",1
"2674","55009021303",1
"2675","55009021304",1
"2676","55015020500",1
"2677","55021970300",1
"2678","55021971200",1
"2679","55025000100",1
"2680","55025000300",1
"2681","55025000405",1
"2682","55025000408",1
"2683","55025001403",1
"2684","55025001705",1
"2685","55025001900",2
"2686","55025002000",1
"2687","55025002500",2
"2688","55025003100",1
"2689","55025010702",1
"2690","55025010901",1
"2691","55025011000",1
"2692","55025011401",1
"2693","55025012600",1
"2694","55025012800",1
"2695","55025013000",1
"2696","55025013700",1
"2697","55029100400",2
"2698","55031021100",1
"2699","55033970700",2
"2700","55035000803",1
"2701","55043960400",1
"2702","55043960800",1
"2703","55043960900",1
"2704","55045960200",1
"2705","55045960600",1
"2706","55049950100",1
"2707","55049950600",1
"2708","55053960500",1
"2709","55055100500",1
"2710","55059001000",2
"2711","55061960100",1
"2712","55063000200",1
"2713","55063000300",1
"2714","55063010101",1
"2715","55071000800",1
"2716","55073000100",1
"2717","55073000601",1
"2718","55073000700",1
"2719","55075960100",1
"2720","55075961200",1
"2721","55079008000",1
"2722","55079011400",1
"2723","55079014400",1
"2724","55079016500",1
"2725","55079016600",1
"2726","55079021700",1
"2727","55079060200",3
"2728","55079080200",1
"2729","55079091200",1
"2730","55079185100",1
"2731","55079186300",1
"2732","55079187400",3
"2733","55085971300",1
"2734","55085971400",1
"2735","55087010100",2
"2736","55087010700",1
"2737","55087011000",1
"2738","55087012506",1
"2739","55089640100",1
"2740","55089640200",1
"2741","55089650200",1
"2742","55097960100",1
"2743","55097960600",1
"2744","55097960701",1
"2745","55097961100",1
"2746","55105000400",1
"2747","55109120202",1
"2748","55109120501",1
"2749","55109120700",1
"2750","55109120901",1
"2751","55109120903",1
"2752","55111000100",2
"2753","55111001002",1
"2754","55113100300",2
"2755","55115100900",1
"2756","55117000500",1
"2757","55117010501",1
"2758","55123960100",1
"2759","55125950500",1
"2760","55127000400",1
"2761","55127001602",2
"2762","55131420401",1
"2763","55133202700",1
"2764","55133203702",1
"2765","55133203704",1
"2766","55133204200",1
"2767","55139000800",1
"2768","55141010600",1
"2769","56001963400",1
"2770","56001963900",1
"2771","56005000400",2
"2772","56007968000",1
"2773","56013000200",1
"2774","56019955200",1
"2775","56021000700",2
"2776","56025000200",1
"2777","56029965300",1
"2778","56033000300",1
"2779","56035000102",1
"2780","56037971100",1
"2781","56039967600",1
"2782","56039967701",1
"2783","56039967800",1
"2784","56041975400",1
"2785","56043000200",1
